,case,C,T0,Tf,alpha,L,D,check,mean_time,efficacy,clusters
0,20x20.txt,2,10,0.002,0.7,10,6,4,0.63076985,0.42028985507246375,5
1,20x20.txt,2,10,0.002,0.7,10,12,4,0.32532549,0.4034090909090909,3
2,20x20.txt,2,10,0.002,0.7,10,18,4,0.35350585,0.4034090909090909,3
3,20x20.txt,2,10,0.002,0.7,30,6,4,5.80968761,0.4244604316546763,5
4,20x20.txt,2,10,0.002,0.7,30,12,4,1.19016504,0.4034090909090909,3
5,20x20.txt,2,10,0.002,0.7,30,18,4,1.28564596,0.4034090909090909,3
6,20x20.txt,2,10,0.002,0.7,70,6,4,10.409518,0.4244604316546763,5
7,20x20.txt,2,10,0.002,0.7,70,12,4,2.63701677,0.4034090909090909,3
8,20x20.txt,2,10,0.002,0.7,70,18,4,2.63706303,0.4034090909090909,3
9,20x20.txt,2,10,0.002,0.8,10,6,4,0.75620961,0.42028985507246375,5
10,20x20.txt,2,10,0.002,0.8,10,12,4,0.17905593,0.4034090909090909,3
11,20x20.txt,2,10,0.002,0.8,10,18,4,0.24685025,0.4034090909090909,3
12,20x20.txt,2,10,0.002,0.8,30,6,4,5.89538383,0.4244604316546763,5
13,20x20.txt,2,10,0.002,0.8,30,12,4,2.11700511,0.4034090909090909,3
14,20x20.txt,2,10,0.002,0.8,30,18,4,2.08913004,0.4034090909090909,3
15,20x20.txt,2,10,0.002,0.8,70,6,4,15.66578257,0.4244604316546763,5
16,20x20.txt,2,10,0.002,0.8,70,12,4,4.87187862,0.4034090909090909,3
17,20x20.txt,2,10,0.002,0.8,70,18,4,4.73805094,0.4034090909090909,3
18,20x20.txt,2,10,0.002,0.9,10,6,4,1.17483544,0.4244604316546763,5
19,20x20.txt,2,10,0.002,0.9,10,12,4,0.3933152,0.4034090909090909,3
20,20x20.txt,2,10,0.002,0.9,10,18,4,0.23283517,0.4034090909090909,3
21,20x20.txt,2,10,0.002,0.9,30,6,4,10.33308005,0.4244604316546763,5
22,20x20.txt,2,10,0.002,0.9,30,12,4,4.67056739,0.4034090909090909,3
23,20x20.txt,2,10,0.002,0.9,30,18,4,4.62898803,0.4034090909090909,3
24,20x20.txt,2,10,0.002,0.9,70,6,4,18.13273799,0.4244604316546763,5
25,20x20.txt,2,10,0.002,0.9,70,12,4,10.71629608,0.4034090909090909,3
26,20x20.txt,2,10,0.002,0.9,70,18,4,10.74806547,0.4034090909090909,3
27,20x20.txt,2,30,0.002,0.7,10,6,4,1.29698896,0.4244604316546763,5
28,20x20.txt,2,30,0.002,0.7,10,12,4,0.21642792,0.4034090909090909,3
29,20x20.txt,2,30,0.002,0.7,10,18,4,0.34266245,0.4034090909090909,3
30,20x20.txt,2,30,0.002,0.7,30,6,4,4.84246588,0.4244604316546763,5
31,20x20.txt,2,30,0.002,0.7,30,12,4,1.38794398,0.4034090909090909,3
32,20x20.txt,2,30,0.002,0.7,30,18,4,1.38582635,0.4034090909090909,3
33,20x20.txt,2,30,0.002,0.7,70,6,4,15.26422763,0.4244604316546763,5
34,20x20.txt,2,30,0.002,0.7,70,12,4,3.06106663,0.4034090909090909,3
35,20x20.txt,2,30,0.002,0.7,70,18,4,3.05982041,0.4034090909090909,3
36,20x20.txt,2,30,0.002,0.8,10,6,4,1.23178148,0.4244604316546763,5
37,20x20.txt,2,30,0.002,0.8,10,12,4,0.4211055,0.4034090909090909,3
38,20x20.txt,2,30,0.002,0.8,10,18,4,0.17915034,0.4034090909090909,3
39,20x20.txt,2,30,0.002,0.8,30,6,4,9.01313102,0.4244604316546763,5
40,20x20.txt,2,30,0.002,0.8,30,12,4,2.39032054,0.4034090909090909,3
41,20x20.txt,2,30,0.002,0.8,30,18,4,2.39193451,0.4034090909090909,3
42,20x20.txt,2,30,0.002,0.8,70,6,4,16.76635599,0.4244604316546763,5
43,20x20.txt,2,30,0.002,0.8,70,12,4,5.4435333,0.4034090909090909,3
44,20x20.txt,2,30,0.002,0.8,70,18,4,5.47052848,0.4034090909090909,3
45,20x20.txt,2,30,0.002,0.9,10,6,4,1.17382753,0.4244604316546763,5
46,20x20.txt,2,30,0.002,0.9,10,12,4,0.14270902,0.4034090909090909,3
47,20x20.txt,2,30,0.002,0.9,10,18,4,0.15230203,0.4034090909090909,3
48,20x20.txt,2,30,0.002,0.9,30,6,4,9.836851,0.4244604316546763,5
49,20x20.txt,2,30,0.002,0.9,30,12,4,5.30486214,0.4034090909090909,3
50,20x20.txt,2,30,0.002,0.9,30,18,4,5.28389406,0.4034090909090909,3
51,20x20.txt,2,30,0.002,0.9,70,6,4,18.60571015,0.4244604316546763,5
52,20x20.txt,2,30,0.002,0.9,70,12,4,12.28737056,0.4034090909090909,3
53,20x20.txt,2,30,0.002,0.9,70,18,4,12.16477835,0.4034090909090909,3
54,20x20.txt,2,50,0.002,0.7,10,6,4,1.31321299,0.4244604316546763,5
55,20x20.txt,2,50,0.002,0.7,10,12,4,0.17193997,0.4034090909090909,3
56,20x20.txt,2,50,0.002,0.7,10,18,4,0.13038361,0.4034090909090909,3
57,20x20.txt,2,50,0.002,0.7,30,6,4,6.91141558,0.4244604316546763,5
58,20x20.txt,2,50,0.002,0.7,30,12,4,1.48683214,0.4034090909090909,3
59,20x20.txt,2,50,0.002,0.7,30,18,4,1.47813463,0.4034090909090909,3
60,20x20.txt,2,50,0.002,0.7,70,6,4,16.22322702,0.4244604316546763,5
61,20x20.txt,2,50,0.002,0.7,70,12,4,3.33444512,0.4034090909090909,3
62,20x20.txt,2,50,0.002,0.7,70,18,4,3.30579996,0.4034090909090909,3
63,20x20.txt,2,50,0.002,0.8,10,6,4,1.4253701,0.4244604316546763,5
64,20x20.txt,2,50,0.002,0.8,10,12,4,0.18407333,0.4034090909090909,3
65,20x20.txt,2,50,0.002,0.8,10,18,4,0.17123747,0.4034090909090909,3
66,20x20.txt,2,50,0.002,0.8,30,6,4,8.26898944,0.4244604316546763,5
67,20x20.txt,2,50,0.002,0.8,30,12,4,2.51420367,0.4034090909090909,3
68,20x20.txt,2,50,0.002,0.8,30,18,4,2.50154448,0.4034090909090909,3
69,20x20.txt,2,50,0.002,0.8,70,6,4,24.64675152,0.4244604316546763,5
70,20x20.txt,2,50,0.002,0.8,70,12,4,5.742558,0.4034090909090909,3
71,20x20.txt,2,50,0.002,0.8,70,18,4,5.72715449,0.4034090909090909,3
72,20x20.txt,2,50,0.002,0.9,10,6,4,0.66866863,0.4244604316546763,5
73,20x20.txt,2,50,0.002,0.9,10,12,4,0.19622362,0.4034090909090909,3
74,20x20.txt,2,50,0.002,0.9,10,18,4,0.14141095,0.4034090909090909,3
75,20x20.txt,2,50,0.002,0.9,30,6,4,10.13234258,0.4244604316546763,5
76,20x20.txt,2,50,0.002,0.9,30,12,4,5.60237002,0.4034090909090909,3
77,20x20.txt,2,50,0.002,0.9,30,18,4,5.58518147,0.4034090909090909,3
78,20x20.txt,2,50,0.002,0.9,70,6,4,26.25225353,0.4244604316546763,5
79,20x20.txt,2,50,0.002,0.9,70,12,4,13.00210702,0.4034090909090909,3
80,20x20.txt,2,50,0.002,0.9,70,18,4,12.94487011,0.4034090909090909,3
81,24x40.txt,2,10,0.002,0.7,10,6,4,1.01615846,0.3648068669527897,5
82,24x40.txt,2,10,0.002,0.7,10,12,4,0.75025964,0.36324786324786323,5
83,24x40.txt,2,10,0.002,0.7,10,18,4,1.2325325,0.418848167539267,7
84,24x40.txt,2,10,0.002,0.7,30,6,4,1.03536856,0.3648068669527897,5
85,24x40.txt,2,10,0.002,0.7,30,12,4,2.73582554,0.36324786324786323,5
86,24x40.txt,2,10,0.002,0.7,30,18,4,0.72666311,0.36324786324786323,5
87,24x40.txt,2,10,0.002,0.7,70,6,4,1.4823544,0.3648068669527897,5
88,24x40.txt,2,10,0.002,0.7,70,12,4,5.43160868,0.36324786324786323,5
89,24x40.txt,2,10,0.002,0.7,70,18,4,0.80260801,0.36324786324786323,5
90,24x40.txt,2,10,0.002,0.8,10,6,4,1.28131652,0.3648068669527897,5
91,24x40.txt,2,10,0.002,0.8,10,12,4,0.96041489,0.36324786324786323,5
92,24x40.txt,2,10,0.002,0.8,10,18,4,0.68700194,0.36324786324786323,5
93,24x40.txt,2,10,0.002,0.8,30,6,4,1.04292202,0.3648068669527897,5
94,24x40.txt,2,10,0.002,0.8,30,12,4,5.3482275,0.36324786324786323,5
95,24x40.txt,2,10,0.002,0.8,30,18,4,0.76491117,0.36324786324786323,5
96,24x40.txt,2,10,0.002,0.8,70,6,4,1.49247849,0.3648068669527897,5
97,24x40.txt,2,10,0.002,0.8,70,12,4,13.09875154,0.36324786324786323,5
98,24x40.txt,2,10,0.002,0.8,70,18,4,0.78568745,0.36324786324786323,5
99,24x40.txt,2,10,0.002,0.9,10,6,4,0.89571488,0.3648068669527897,5
100,24x40.txt,2,10,0.002,0.9,10,12,4,0.72558749,0.36324786324786323,5
101,24x40.txt,2,10,0.002,0.9,10,18,4,0.74936664,0.36324786324786323,5
102,24x40.txt,2,10,0.002,0.9,30,6,4,1.04572701,0.3648068669527897,5
103,24x40.txt,2,10,0.002,0.9,30,12,4,13.93300653,0.36324786324786323,5
104,24x40.txt,2,10,0.002,0.9,30,18,4,0.76117706,0.36324786324786323,5
105,24x40.txt,2,10,0.002,0.9,70,6,4,1.45905542,0.3648068669527897,5
106,24x40.txt,2,10,0.002,0.9,70,12,4,31.54004884,0.36324786324786323,5
107,24x40.txt,2,10,0.002,0.9,70,18,4,0.73043752,0.36324786324786323,5
108,24x40.txt,2,30,0.002,0.7,10,6,4,1.03630793,0.3648068669527897,5
109,24x40.txt,2,30,0.002,0.7,10,12,4,0.77777696,0.36324786324786323,5
110,24x40.txt,2,30,0.002,0.7,10,18,4,0.70222592,0.36324786324786323,5
111,24x40.txt,2,30,0.002,0.7,30,6,4,1.01989007,0.3648068669527897,5
112,24x40.txt,2,30,0.002,0.7,30,12,4,3.15876544,0.36324786324786323,5
113,24x40.txt,2,30,0.002,0.7,30,18,4,0.73908997,0.36324786324786323,5
114,24x40.txt,2,30,0.002,0.7,70,6,4,1.45063901,0.3648068669527897,5
115,24x40.txt,2,30,0.002,0.7,70,12,4,6.48372507,0.36324786324786323,5
116,24x40.txt,2,30,0.002,0.7,70,18,4,0.762604,0.36324786324786323,5
117,24x40.txt,2,30,0.002,0.8,10,6,4,0.46079934,0.3648068669527897,5
118,24x40.txt,2,30,0.002,0.8,10,12,4,0.74881315,0.36324786324786323,5
119,24x40.txt,2,30,0.002,0.8,10,18,4,0.70110452,0.36324786324786323,5
120,24x40.txt,2,30,0.002,0.8,30,6,4,1.04047155,0.3648068669527897,5
121,24x40.txt,2,30,0.002,0.8,30,12,4,6.54439664,0.36324786324786323,5
122,24x40.txt,2,30,0.002,0.8,30,18,4,0.7359134,0.36324786324786323,5
123,24x40.txt,2,30,0.002,0.8,70,6,4,1.48426092,0.3648068669527897,5
124,24x40.txt,2,30,0.002,0.8,70,12,4,14.15720785,0.36324786324786323,5
125,24x40.txt,2,30,0.002,0.8,70,18,4,0.74486315,0.36324786324786323,5
126,24x40.txt,2,30,0.002,0.9,10,6,4,1.43985856,0.3648068669527897,5
127,24x40.txt,2,30,0.002,0.9,10,12,4,0.78728902,0.36324786324786323,5
128,24x40.txt,2,30,0.002,0.9,10,18,4,0.76166701,0.36324786324786323,5
129,24x40.txt,2,30,0.002,0.9,30,6,4,1.02821457,0.3648068669527897,5
130,24x40.txt,2,30,0.002,0.9,30,12,4,15.98005867,0.36324786324786323,5
131,24x40.txt,2,30,0.002,0.9,30,18,4,0.76867712,0.36324786324786323,5
132,24x40.txt,2,30,0.002,0.9,70,6,4,1.50200689,0.3648068669527897,5
133,24x40.txt,2,30,0.002,0.9,70,12,4,34.28643358,0.36324786324786323,5
134,24x40.txt,2,30,0.002,0.9,70,18,4,0.75041366,0.36324786324786323,5
135,24x40.txt,2,50,0.002,0.7,10,6,4,0.70017707,0.3648068669527897,5
136,24x40.txt,2,50,0.002,0.7,10,12,4,1.05604005,0.36324786324786323,5
137,24x40.txt,2,50,0.002,0.7,10,18,4,0.71162343,0.36324786324786323,5
138,24x40.txt,2,50,0.002,0.7,30,6,4,1.04084599,0.3648068669527897,5
139,24x40.txt,2,50,0.002,0.7,30,12,4,3.60084689,0.36324786324786323,5
140,24x40.txt,2,50,0.002,0.7,30,18,4,0.74091291,0.36324786324786323,5
141,24x40.txt,2,50,0.002,0.7,70,6,4,1.45701253,0.3648068669527897,5
142,24x40.txt,2,50,0.002,0.7,70,12,4,7.56381702,0.36324786324786323,5
143,24x40.txt,2,50,0.002,0.7,70,18,4,0.75837338,0.36324786324786323,5
144,24x40.txt,2,50,0.002,0.8,10,6,4,0.76505423,0.3648068669527897,5
145,24x40.txt,2,50,0.002,0.8,10,12,4,1.16479349,0.36324786324786323,5
146,24x40.txt,2,50,0.002,0.8,10,18,4,0.6665864,0.36324786324786323,5
147,24x40.txt,2,50,0.002,0.8,30,6,4,1.03538013,0.3648068669527897,5
148,24x40.txt,2,50,0.002,0.8,30,12,4,6.97404146,0.36324786324786323,5
149,24x40.txt,2,50,0.002,0.8,30,18,4,0.77479088,0.36324786324786323,5
150,24x40.txt,2,50,0.002,0.8,70,6,4,1.48822141,0.3648068669527897,5
151,24x40.txt,2,50,0.002,0.8,70,12,4,15.59091151,0.36324786324786323,5
152,24x40.txt,2,50,0.002,0.8,70,18,4,0.71598148,0.36324786324786323,5
153,24x40.txt,2,50,0.002,0.9,10,6,4,0.48065555,0.3648068669527897,5
154,24x40.txt,2,50,0.002,0.9,10,12,4,0.61822987,0.36324786324786323,5
155,24x40.txt,2,50,0.002,0.9,10,18,4,0.72064865,0.36324786324786323,5
156,24x40.txt,2,50,0.002,0.9,30,6,4,1.09002256,0.3648068669527897,5
157,24x40.txt,2,50,0.002,0.9,30,12,4,16.71542501,0.36324786324786323,5
158,24x40.txt,2,50,0.002,0.9,30,18,4,0.75857747,0.36324786324786323,5
159,24x40.txt,2,50,0.002,0.9,70,6,4,1.46186352,0.3648068669527897,5
160,24x40.txt,2,50,0.002,0.9,70,12,4,26.86993003,0.36324786324786323,5
161,24x40.txt,2,50,0.002,0.9,70,18,4,0.74123037,0.36324786324786323,5
162,30x50.txt,2,10,0.002,0.7,10,6,4,5.93292642,0.48792270531400966,10
163,30x50.txt,2,10,0.002,0.7,10,12,4,4.28346944,0.48792270531400966,10
164,30x50.txt,2,10,0.002,0.7,10,18,4,4.12527347,0.48792270531400966,10
165,30x50.txt,2,10,0.002,0.7,30,6,4,10.37803543,0.48792270531400966,10
166,30x50.txt,2,10,0.002,0.7,30,12,4,6.65475762,0.48792270531400966,10
167,30x50.txt,2,10,0.002,0.7,30,18,4,7.52248943,0.48792270531400966,10
168,30x50.txt,2,10,0.002,0.7,70,6,4,18.15143001,0.48792270531400966,10
169,30x50.txt,2,10,0.002,0.7,70,12,4,9.99358296,0.48792270531400966,10
170,30x50.txt,2,10,0.002,0.7,70,18,4,11.07435,0.48792270531400966,10
171,30x50.txt,2,10,0.002,0.8,10,6,4,3.83153903,0.48792270531400966,10
172,30x50.txt,2,10,0.002,0.8,10,12,4,4.49371016,0.48792270531400966,10
173,30x50.txt,2,10,0.002,0.8,10,18,4,5.09871495,0.48792270531400966,10
174,30x50.txt,2,10,0.002,0.8,30,6,4,16.51290762,0.48792270531400966,10
175,30x50.txt,2,10,0.002,0.8,30,12,4,10.81986797,0.48792270531400966,10
176,30x50.txt,2,10,0.002,0.8,30,18,4,11.17217267,0.48792270531400966,10
177,30x50.txt,2,10,0.002,0.8,70,6,4,32.70397615,0.48792270531400966,10
178,30x50.txt,2,10,0.002,0.8,70,12,4,20.12434947,0.48792270531400966,10
179,30x50.txt,2,10,0.002,0.8,70,18,4,21.1225363,0.48792270531400966,10
180,30x50.txt,2,10,0.002,0.9,10,6,4,5.2089541,0.48792270531400966,10
181,30x50.txt,2,10,0.002,0.9,10,12,4,3.96159101,0.48792270531400966,10
182,30x50.txt,2,10,0.002,0.9,10,18,4,5.19621265,0.48792270531400966,10
183,30x50.txt,2,10,0.002,0.9,30,6,4,33.58581102,0.48792270531400966,10
184,30x50.txt,2,10,0.002,0.9,30,12,4,22.80076659,0.48792270531400966,10
185,30x50.txt,2,10,0.002,0.9,30,18,4,20.22160459,0.48792270531400966,10
186,30x50.txt,2,10,0.002,0.9,70,6,4,72.37844217,0.48792270531400966,10
187,30x50.txt,2,10,0.002,0.9,70,12,4,47.92334545,0.48792270531400966,10
188,30x50.txt,2,10,0.002,0.9,70,18,4,48.96207392,0.48792270531400966,10
189,30x50.txt,2,30,0.002,0.7,10,6,4,5.07347703,0.48792270531400966,10
190,30x50.txt,2,30,0.002,0.7,10,12,4,3.88578653,0.48792270531400966,10
191,30x50.txt,2,30,0.002,0.7,10,18,4,4.75697708,0.48792270531400966,10
192,30x50.txt,2,30,0.002,0.7,30,6,4,11.53579521,0.48792270531400966,10
193,30x50.txt,2,30,0.002,0.7,30,12,4,7.33409536,0.48792270531400966,10
194,30x50.txt,2,30,0.002,0.7,30,18,4,7.69037485,0.48792270531400966,10
195,30x50.txt,2,30,0.002,0.7,70,6,4,21.09736395,0.48792270531400966,10
196,30x50.txt,2,30,0.002,0.7,70,12,4,12.27436304,0.48792270531400966,10
197,30x50.txt,2,30,0.002,0.7,70,18,4,13.2265718,0.48792270531400966,10
198,30x50.txt,2,30,0.002,0.8,10,6,4,6.75283253,0.48792270531400966,10
199,30x50.txt,2,30,0.002,0.8,10,12,4,4.52545452,0.48792270531400966,10
200,30x50.txt,2,30,0.002,0.8,10,18,4,4.44094551,0.48792270531400966,10
201,30x50.txt,2,30,0.002,0.8,30,6,4,18.58441961,0.48792270531400966,10
202,30x50.txt,2,30,0.002,0.8,30,12,4,12.27030456,0.48792270531400966,10
203,30x50.txt,2,30,0.002,0.8,30,18,4,12.60478997,0.48792270531400966,10
204,30x50.txt,2,30,0.002,0.8,70,6,4,37.42808199,0.48792270531400966,10
205,30x50.txt,2,30,0.002,0.8,70,12,4,23.35970151,0.48792270531400966,10
206,30x50.txt,2,30,0.002,0.8,70,18,4,24.36409307,0.48792270531400966,10
207,30x50.txt,2,30,0.002,0.9,10,6,4,5.56854045,0.48792270531400966,10
208,30x50.txt,2,30,0.002,0.9,10,12,4,5.14798248,0.48792270531400966,10
209,30x50.txt,2,30,0.002,0.9,10,18,4,5.68183601,0.48792270531400966,10
210,30x50.txt,2,30,0.002,0.9,30,6,4,38.3665781,0.48792270531400966,10
211,30x50.txt,2,30,0.002,0.9,30,12,4,25.90890896,0.48792270531400966,10
212,30x50.txt,2,30,0.002,0.9,30,18,4,26.19486892,0.48792270531400966,10
213,30x50.txt,2,30,0.002,0.9,70,6,4,82.45804501,0.48792270531400966,10
214,30x50.txt,2,30,0.002,0.9,70,12,4,55.18677545,0.48792270531400966,10
215,30x50.txt,2,30,0.002,0.9,70,18,4,56.25508237,0.48792270531400966,10
216,30x50.txt,2,50,0.002,0.7,10,6,4,5.9428916,0.48792270531400966,10
217,30x50.txt,2,50,0.002,0.7,10,12,4,3.92813969,0.48792270531400966,10
218,30x50.txt,2,50,0.002,0.7,10,18,4,4.13128853,0.48792270531400966,10
219,30x50.txt,2,50,0.002,0.7,30,6,4,12.44185543,0.48792270531400966,10
220,30x50.txt,2,50,0.002,0.7,30,12,4,7.86202598,0.48792270531400966,10
221,30x50.txt,2,50,0.002,0.7,30,18,4,8.354321,0.48792270531400966,10
222,30x50.txt,2,50,0.002,0.7,70,6,4,22.94314468,0.48792270531400966,10
223,30x50.txt,2,50,0.002,0.7,70,12,4,13.42735946,0.48792270531400966,10
224,30x50.txt,2,50,0.002,0.7,70,18,4,14.39679945,0.48792270531400966,10
225,30x50.txt,2,50,0.002,0.8,10,6,4,5.46381354,0.48792270531400966,10
226,30x50.txt,2,50,0.002,0.8,10,12,4,4.14478278,0.48792270531400966,10
227,30x50.txt,2,50,0.002,0.8,10,18,4,4.28658509,0.48792270531400966,10
228,30x50.txt,2,50,0.002,0.8,30,6,4,19.32556307,0.48792270531400966,10
229,30x50.txt,2,50,0.002,0.8,30,12,4,12.6263845,0.48792270531400966,10
230,30x50.txt,2,50,0.002,0.8,30,18,4,10.67514145,0.48792270531400966,10
231,30x50.txt,2,50,0.002,0.8,70,6,4,39.12616134,0.48792270531400966,10
232,30x50.txt,2,50,0.002,0.8,70,12,4,24.61152291,0.48792270531400966,10
233,30x50.txt,2,50,0.002,0.8,70,18,4,25.710935,0.48792270531400966,10
234,30x50.txt,2,50,0.002,0.9,10,6,4,5.11505342,0.48792270531400966,10
235,30x50.txt,2,50,0.002,0.9,10,12,4,3.9330976,0.48792270531400966,10
236,30x50.txt,2,50,0.002,0.9,10,18,4,3.83174908,0.48792270531400966,10
237,30x50.txt,2,50,0.002,0.9,30,6,4,40.07148457,0.48792270531400966,10
238,30x50.txt,2,50,0.002,0.9,30,12,4,27.47912419,0.48792270531400966,10
239,30x50.txt,2,50,0.002,0.9,30,18,4,27.90538871,0.48792270531400966,10
240,30x50.txt,2,50,0.002,0.9,70,6,4,87.22909832,0.48792270531400966,10
241,30x50.txt,2,50,0.002,0.9,70,12,4,58.60157287,0.48792270531400966,10
242,30x50.txt,2,50,0.002,0.9,70,18,4,59.56276608,0.48792270531400966,10
243,30x90.txt,2,10,0.002,0.7,10,6,4,5.92654002,0.34663341645885287,7
244,30x90.txt,2,10,0.002,0.7,10,12,4,7.23337007,0.355,7
245,30x90.txt,2,10,0.002,0.7,10,18,4,6.07820702,0.3491271820448878,7
246,30x90.txt,2,10,0.002,0.7,30,6,4,7.39319515,0.34663341645885287,7
247,30x90.txt,2,10,0.002,0.7,30,12,4,7.74668515,0.355,7
248,30x90.txt,2,10,0.002,0.7,30,18,4,7.75673008,0.3491271820448878,7
249,30x90.txt,2,10,0.002,0.7,70,6,4,7.80609262,0.34663341645885287,7
250,30x90.txt,2,10,0.002,0.7,70,12,4,7.87427843,0.355,7
251,30x90.txt,2,10,0.002,0.7,70,18,4,7.75887024,0.3491271820448878,7
252,30x90.txt,2,10,0.002,0.8,10,6,4,2.72157645,0.2771618625277162,3
253,30x90.txt,2,10,0.002,0.8,10,12,4,4.94865799,0.3425287356321839,5
254,30x90.txt,2,10,0.002,0.8,10,18,4,12.04738951,0.37823834196891193,7
255,30x90.txt,2,10,0.002,0.8,30,6,4,2.93133545,0.2796420581655481,3
256,30x90.txt,2,10,0.002,0.8,30,12,4,3.43288934,0.2808219178082192,3
257,30x90.txt,2,10,0.002,0.8,30,18,4,3.46201992,0.2808219178082192,3
258,30x90.txt,2,10,0.002,0.8,70,6,4,2.84917629,0.2771618625277162,3
259,30x90.txt,2,10,0.002,0.8,70,12,4,3.43425262,0.2811791383219955,3
260,30x90.txt,2,10,0.002,0.8,70,18,4,3.31363297,0.2811791383219955,3
261,30x90.txt,2,10,0.002,0.9,10,6,4,7.03897345,0.2811791383219955,3
262,30x90.txt,2,10,0.002,0.9,10,12,4,11.11317015,0.37823834196891193,7
263,30x90.txt,2,10,0.002,0.9,10,18,4,2.2475965,0.2811791383219955,3
264,30x90.txt,2,10,0.002,0.9,30,6,4,19.80719388,0.2811791383219955,3
265,30x90.txt,2,10,0.002,0.9,30,12,4,3.82131243,0.2811791383219955,3
266,30x90.txt,2,10,0.002,0.9,30,18,4,3.89535809,0.2811791383219955,3
267,30x90.txt,2,10,0.002,0.9,70,6,4,41.04550576,0.2811791383219955,3
268,30x90.txt,2,10,0.002,0.9,70,12,4,3.86984038,0.2811791383219955,3
269,30x90.txt,2,10,0.002,0.9,70,18,4,3.78833544,0.2811791383219955,3
270,30x90.txt,2,30,0.002,0.7,10,6,4,6.18951035,0.3541147132169576,7
271,30x90.txt,2,30,0.002,0.7,10,12,4,7.60246408,0.3625,7
272,30x90.txt,2,30,0.002,0.7,10,18,4,5.83330059,0.3566084788029925,7
273,30x90.txt,2,30,0.002,0.7,30,6,4,7.8945266,0.3541147132169576,7
274,30x90.txt,2,30,0.002,0.7,30,12,4,8.65675747,0.3625,7
275,30x90.txt,2,30,0.002,0.7,30,18,4,8.52409744,0.3566084788029925,7
276,30x90.txt,2,30,0.002,0.7,70,6,4,7.97991312,0.3541147132169576,7
277,30x90.txt,2,30,0.002,0.7,70,12,4,2.74726701,0.2431865828092243,3
278,30x90.txt,2,30,0.002,0.7,70,18,4,8.76470709,0.3566084788029925,7
279,30x90.txt,2,30,0.002,0.8,10,6,4,3.03324091,0.28045977011494255,3
280,30x90.txt,2,30,0.002,0.8,10,12,4,2.10188603,0.2811791383219955,3
281,30x90.txt,2,30,0.002,0.8,10,18,4,4.39305365,0.33726415094339623,5
282,30x90.txt,2,30,0.002,0.8,30,6,4,3.03175008,0.2811791383219955,3
283,30x90.txt,2,30,0.002,0.8,30,12,4,3.76839387,0.2811791383219955,3
284,30x90.txt,2,30,0.002,0.8,30,18,4,3.73085034,0.2811791383219955,3
285,30x90.txt,2,30,0.002,0.8,70,6,4,3.22624898,0.2808219178082192,3
286,30x90.txt,2,30,0.002,0.8,70,12,4,3.7913866,0.2811791383219955,3
287,30x90.txt,2,30,0.002,0.8,70,18,4,3.80686843,0.2811791383219955,3
288,30x90.txt,2,30,0.002,0.9,10,6,4,4.88105047,0.2811791383219955,3
289,30x90.txt,2,30,0.002,0.9,10,12,4,10.22933841,0.37823834196891193,7
290,30x90.txt,2,30,0.002,0.9,10,18,4,3.6002115,0.2811791383219955,3
291,30x90.txt,2,30,0.002,0.9,30,6,4,24.75680292,0.2811791383219955,3
292,30x90.txt,2,30,0.002,0.9,30,12,4,3.7865355,0.2811791383219955,3
293,30x90.txt,2,30,0.002,0.9,30,18,4,3.80523694,0.2811791383219955,3
294,30x90.txt,2,30,0.002,0.9,70,6,4,52.59921813,0.2811791383219955,3
295,30x90.txt,2,30,0.002,0.9,70,12,4,3.68179011,0.2811791383219955,3
296,30x90.txt,2,30,0.002,0.9,70,18,4,3.729985,0.2811791383219955,3
297,30x90.txt,2,50,0.002,0.7,10,6,4,7.8114171,0.35910224438902744,7
298,30x90.txt,2,50,0.002,0.7,10,12,4,6.19907689,0.36683417085427134,7
299,30x90.txt,2,50,0.002,0.7,10,18,4,4.82581651,0.32798165137614677,5
300,30x90.txt,2,50,0.002,0.7,30,6,4,2.373299,0.24890829694323144,3
301,30x90.txt,2,50,0.002,0.7,30,12,4,2.86587489,0.24735729386892177,3
302,30x90.txt,2,50,0.002,0.7,30,18,4,5.62008643,0.32798165137614677,5
303,30x90.txt,2,50,0.002,0.7,70,6,4,2.36330938,0.24476987447698745,3
304,30x90.txt,2,50,0.002,0.7,70,12,4,2.68824899,0.267223382045929,3
305,30x90.txt,2,50,0.002,0.7,70,18,4,5.59377551,0.32798165137614677,5
306,30x90.txt,2,50,0.002,0.8,10,6,4,7.79679239,0.3870967741935484,7
307,30x90.txt,2,50,0.002,0.8,10,12,4,7.15134144,0.37823834196891193,7
308,30x90.txt,2,50,0.002,0.8,10,18,4,8.50787747,0.37823834196891193,7
309,30x90.txt,2,50,0.002,0.8,30,6,4,4.00639951,0.2811791383219955,3
310,30x90.txt,2,50,0.002,0.8,30,12,4,3.82127357,0.2811791383219955,3
311,30x90.txt,2,50,0.002,0.8,30,18,4,3.59983957,0.2811791383219955,3
312,30x90.txt,2,50,0.002,0.8,70,6,4,4.15798831,0.2811791383219955,3
313,30x90.txt,2,50,0.002,0.8,70,12,4,3.67838311,0.2811791383219955,3
314,30x90.txt,2,50,0.002,0.8,70,18,4,3.75737417,0.2811791383219955,3
315,30x90.txt,2,50,0.002,0.9,10,6,4,4.39814115,0.2811791383219955,3
316,30x90.txt,2,50,0.002,0.9,10,12,4,4.50853133,0.34515366430260047,5
317,30x90.txt,2,50,0.002,0.9,10,18,4,3.5314151,0.2811791383219955,3
318,30x90.txt,2,50,0.002,0.9,30,6,4,26.78392184,0.2811791383219955,3
319,30x90.txt,2,50,0.002,0.9,30,12,4,3.73955762,0.2811791383219955,3
320,30x90.txt,2,50,0.002,0.9,30,18,4,3.69701898,0.2811791383219955,3
321,30x90.txt,2,50,0.002,0.9,70,6,4,57.55855906,0.2811791383219955,3
322,30x90.txt,2,50,0.002,0.9,70,12,4,3.87639904,0.2811791383219955,3
323,30x90.txt,2,50,0.002,0.9,70,18,4,3.63201308,0.2811791383219955,3
324,37x53.txt,2,10,0.002,0.7,10,6,4,0.71544242,0.5822669104204753,3
325,37x53.txt,2,10,0.002,0.7,10,12,4,0.62694144,0.5886654478976234,3
326,37x53.txt,2,10,0.002,0.7,10,18,4,0.64148557,0.5963302752293578,3
327,37x53.txt,2,10,0.002,0.7,30,6,4,0.71025503,0.5822669104204753,3
328,37x53.txt,2,10,0.002,0.7,30,12,4,0.67626739,0.5886654478976234,3
329,37x53.txt,2,10,0.002,0.7,30,18,4,0.63984883,0.5963302752293578,3
330,37x53.txt,2,10,0.002,0.7,70,6,4,0.67437959,0.5822669104204753,3
331,37x53.txt,2,10,0.002,0.7,70,12,4,0.65658545,0.5886654478976234,3
332,37x53.txt,2,10,0.002,0.7,70,18,4,0.64210057,0.5963302752293578,3
333,37x53.txt,2,10,0.002,0.8,10,6,4,0.92010653,0.6046511627906976,3
334,37x53.txt,2,10,0.002,0.8,10,12,4,0.8463887,0.6046511627906976,3
335,37x53.txt,2,10,0.002,0.8,10,18,4,0.89326096,0.6007359705611776,3
336,37x53.txt,2,10,0.002,0.8,30,6,4,0.97863221,0.6046511627906976,3
337,37x53.txt,2,10,0.002,0.8,30,12,4,0.90083599,0.6046511627906976,3
338,37x53.txt,2,10,0.002,0.8,30,18,4,0.88324845,0.6007359705611776,3
339,37x53.txt,2,10,0.002,0.8,70,6,4,0.98076046,0.6046511627906976,3
340,37x53.txt,2,10,0.002,0.8,70,12,4,0.89913011,0.6046511627906976,3
341,37x53.txt,2,10,0.002,0.8,70,18,4,0.87251353,0.6007359705611776,3
342,37x53.txt,2,10,0.002,0.9,10,6,4,1.00664449,0.6046511627906976,3
343,37x53.txt,2,10,0.002,0.9,10,12,4,0.82840335,0.6046511627906976,3
344,37x53.txt,2,10,0.002,0.9,10,18,4,0.87257791,0.6007359705611776,3
345,37x53.txt,2,10,0.002,0.9,30,6,4,1.0129025,0.6046511627906976,3
346,37x53.txt,2,10,0.002,0.9,30,12,4,0.85938954,0.6046511627906976,3
347,37x53.txt,2,10,0.002,0.9,30,18,4,0.86416745,0.6007359705611776,3
348,37x53.txt,2,10,0.002,0.9,70,6,4,0.97648644,0.6046511627906976,3
349,37x53.txt,2,10,0.002,0.9,70,12,4,0.86523294,0.6046511627906976,3
350,37x53.txt,2,10,0.002,0.9,70,18,4,0.83444703,0.6007359705611776,3
351,37x53.txt,2,30,0.002,0.7,10,6,4,0.76413405,0.6046511627906976,3
352,37x53.txt,2,30,0.002,0.7,10,12,4,0.75263202,0.6046511627906976,3
353,37x53.txt,2,30,0.002,0.7,10,18,4,0.72632134,0.6007359705611776,3
354,37x53.txt,2,30,0.002,0.7,30,6,4,0.76287556,0.6046511627906976,3
355,37x53.txt,2,30,0.002,0.7,30,12,4,0.77452958,0.6046511627906976,3
356,37x53.txt,2,30,0.002,0.7,30,18,4,0.76226211,0.6007359705611776,3
357,37x53.txt,2,30,0.002,0.7,70,6,4,0.7345016,0.6046511627906976,3
358,37x53.txt,2,30,0.002,0.7,70,12,4,0.73907101,0.6046511627906976,3
359,37x53.txt,2,30,0.002,0.7,70,18,4,0.77927005,0.6007359705611776,3
360,37x53.txt,2,30,0.002,0.8,10,6,4,0.92561066,0.6046511627906976,3
361,37x53.txt,2,30,0.002,0.8,10,12,4,0.74816251,0.6046511627906976,3
362,37x53.txt,2,30,0.002,0.8,10,18,4,0.83663762,0.6007359705611776,3
363,37x53.txt,2,30,0.002,0.8,30,6,4,0.98657501,0.6046511627906976,3
364,37x53.txt,2,30,0.002,0.8,30,12,4,0.81463492,0.6046511627906976,3
365,37x53.txt,2,30,0.002,0.8,30,18,4,0.8702085,0.6007359705611776,3
366,37x53.txt,2,30,0.002,0.8,70,6,4,0.96788502,0.6046511627906976,3
367,37x53.txt,2,30,0.002,0.8,70,12,4,0.85192204,0.6046511627906976,3
368,37x53.txt,2,30,0.002,0.8,70,18,4,0.88546252,0.6007359705611776,3
369,37x53.txt,2,30,0.002,0.9,10,6,4,1.00812852,0.6046511627906976,3
370,37x53.txt,2,30,0.002,0.9,10,12,4,0.82518137,0.6046511627906976,3
371,37x53.txt,2,30,0.002,0.9,10,18,4,0.89519751,0.6007359705611776,3
372,37x53.txt,2,30,0.002,0.9,30,6,4,1.00116861,0.6046511627906976,3
373,37x53.txt,2,30,0.002,0.9,30,12,4,0.83733511,0.6046511627906976,3
374,37x53.txt,2,30,0.002,0.9,30,18,4,0.88234711,0.6007359705611776,3
375,37x53.txt,2,30,0.002,0.9,70,6,4,0.94208395,0.6046511627906976,3
376,37x53.txt,2,30,0.002,0.9,70,12,4,0.83769703,0.6046511627906976,3
377,37x53.txt,2,30,0.002,0.9,70,18,4,0.85318196,0.6007359705611776,3
378,37x53.txt,2,50,0.002,0.7,10,6,4,0.81503642,0.6046511627906976,3
379,37x53.txt,2,50,0.002,0.7,10,12,4,0.77899647,0.6046511627906976,3
380,37x53.txt,2,50,0.002,0.7,10,18,4,0.83265054,0.6007359705611776,3
381,37x53.txt,2,50,0.002,0.7,30,6,4,0.85396647,0.6046511627906976,3
382,37x53.txt,2,50,0.002,0.7,30,12,4,0.82821345,0.6046511627906976,3
383,37x53.txt,2,50,0.002,0.7,30,18,4,0.84275544,0.6007359705611776,3
384,37x53.txt,2,50,0.002,0.7,70,6,4,0.83771312,0.6046511627906976,3
385,37x53.txt,2,50,0.002,0.7,70,12,4,0.80428004,0.6046511627906976,3
386,37x53.txt,2,50,0.002,0.7,70,18,4,0.85720003,0.6007359705611776,3
387,37x53.txt,2,50,0.002,0.8,10,6,4,0.87584448,0.6046511627906976,3
388,37x53.txt,2,50,0.002,0.8,10,12,4,0.8194294,0.6046511627906976,3
389,37x53.txt,2,50,0.002,0.8,10,18,4,0.80506814,0.6007359705611776,3
390,37x53.txt,2,50,0.002,0.8,30,6,4,0.98868644,0.6046511627906976,3
391,37x53.txt,2,50,0.002,0.8,30,12,4,0.9045639,0.6046511627906976,3
392,37x53.txt,2,50,0.002,0.8,30,18,4,0.90452933,0.6007359705611776,3
393,37x53.txt,2,50,0.002,0.8,70,6,4,1.00305951,0.6046511627906976,3
394,37x53.txt,2,50,0.002,0.8,70,12,4,0.86130846,0.6046511627906976,3
395,37x53.txt,2,50,0.002,0.8,70,18,4,0.86241543,0.6007359705611776,3
396,37x53.txt,2,50,0.002,0.9,10,6,4,0.98460484,0.6046511627906976,3
397,37x53.txt,2,50,0.002,0.9,10,12,4,0.83019257,0.6046511627906976,3
398,37x53.txt,2,50,0.002,0.9,10,18,4,0.88187945,0.6007359705611776,3
399,37x53.txt,2,50,0.002,0.9,30,6,4,1.00839269,0.6046511627906976,3
400,37x53.txt,2,50,0.002,0.9,30,12,4,0.83681691,0.6046511627906976,3
401,37x53.txt,2,50,0.002,0.9,30,18,4,0.87335408,0.6007359705611776,3
402,37x53.txt,2,50,0.002,0.9,70,6,4,0.9740181,0.6046511627906976,3
403,37x53.txt,2,50,0.002,0.9,70,12,4,0.83611751,0.6046511627906976,3
404,37x53.txt,2,50,0.002,0.9,70,18,4,0.8561151,0.6007359705611776,3
